{
  "schema_version": 3,
  "group": "wmtask_latent_additive_mse_p30_dualckpt_replication",
  "analyzed_at": "2026-04-27T01:20:38Z",
  "metrics_summary": {
    "per_run": [
      {
        "run_id": "fjff0off",
        "run_idx": 0,
        "state": "finished",
        "lc_weight": 1e-05,
        "obs_noise_scale": 0.05,
        "best_traj_loss": 0.010461259633302689,
        "best_traj_loss_epoch": 8.0,
        "best_mase": 0.9510979652404785,
        "best_mase_epoch": 8.0,
        "lc_loss_at_best_tl": 3.8329050540924072,
        "r2_at_best_tl": 0.9880419969558716,
        "n_epochs": 9,
        "swept_config": {}
      }
    ],
    "unmatched_runs": [],
    "duplicate_matches": [],
    "expected_run_count": 1,
    "matched_run_count": 1,
    "best_by_obs_noise_scale": {
      "0.05": {
        "run_id": "fjff0off",
        "run_idx": 0,
        "state": "finished",
        "lc_weight": 1e-05,
        "obs_noise_scale": 0.05,
        "best_traj_loss": 0.010461259633302689,
        "best_traj_loss_epoch": 8.0,
        "best_mase": 0.9510979652404785,
        "best_mase_epoch": 8.0,
        "lc_loss_at_best_tl": 3.8329050540924072,
        "r2_at_best_tl": 0.9880419969558716,
        "n_epochs": 9,
        "swept_config": {}
      }
    },
    "overall_chosen_run": {
      "run_id": "fjff0off",
      "run_idx": 0,
      "state": "finished",
      "lc_weight": 1e-05,
      "obs_noise_scale": 0.05,
      "best_traj_loss": 0.010461259633302689,
      "best_traj_loss_epoch": 8.0,
      "best_mase": 0.9510979652404785,
      "best_mase_epoch": 8.0,
      "lc_loss_at_best_tl": 3.8329050540924072,
      "r2_at_best_tl": 0.9880419969558716,
      "n_epochs": 9,
      "swept_config": {}
    },
    "overall_best_mase": {
      "run_id": "fjff0off",
      "run_idx": 0,
      "state": "finished",
      "lc_weight": 1e-05,
      "obs_noise_scale": 0.05,
      "best_traj_loss": 0.010461259633302689,
      "best_traj_loss_epoch": 8.0,
      "best_mase": 0.9510979652404785,
      "best_mase_epoch": 8.0,
      "lc_loss_at_best_tl": 3.8329050540924072,
      "r2_at_best_tl": 0.9880419969558716,
      "n_epochs": 9,
      "swept_config": {}
    },
    "swept_paths": [],
    "n_runs": 1
  },
  "per_run_lyapunov": {
    "fjff0off": {
      "lambda_spectrum": [
        -0.9848284721374512,
        -1.7481454610824585,
        -2.03645396232605,
        -2.2584474086761475,
        -2.624495029449463,
        -2.798083543777466,
        -3.3754732608795166,
        -4.442782878875732,
        -5.239315986633301,
        -5.734232425689697,
        -6.016956329345703,
        -6.241655349731445,
        -6.495150089263916,
        -6.667413711547852,
        -6.820176601409912,
        -6.974096775054932,
        -7.480082035064697,
        -7.980976581573486,
        -8.239062309265137,
        -8.440524101257324,
        -8.681930541992188,
        -9.080107688903809,
        -9.413290977478027,
        -9.547802925109863,
        -9.610579490661621,
        -9.696784973144531,
        -9.76371955871582,
        -9.874377250671387,
        -9.999313354492188,
        -10.114912033081055,
        -10.244135856628418,
        -10.358951568603516,
        -10.490469932556152,
        -10.603105545043945,
        -10.917296409606934,
        -11.343703269958496,
        -11.561637878417969,
        -11.689254760742188,
        -11.766136169433594,
        -12.177939414978027,
        -12.332877159118652,
        -12.509448051452637,
        -12.578128814697266,
        -12.689148902893066,
        -12.786271095275879,
        -12.92754077911377,
        -13.026737213134766,
        -13.211246490478516,
        -13.32288646697998,
        -13.452285766601562,
        -13.626861572265625,
        -13.839570045471191,
        -14.052718162536621,
        -14.224787712097168,
        -14.388145446777344,
        -14.506144523620605,
        -14.582108497619629,
        -14.746991157531738,
        -14.904449462890625,
        -15.081849098205566,
        -15.214814186096191,
        -15.32308578491211,
        -15.531561851501465,
        -15.74330997467041,
        -16.06764030456543,
        -16.169065475463867,
        -16.374208450317383,
        -16.47539710998535,
        -16.563032150268555,
        -16.66822624206543,
        -16.736684799194336,
        -16.813844680786133,
        -16.90074348449707,
        -17.1071720123291,
        -17.296674728393555,
        -17.52309226989746,
        -17.79612159729004,
        -18.068613052368164,
        -18.267650604248047,
        -18.457639694213867,
        -18.594585418701172,
        -18.740781784057617,
        -18.884552001953125,
        -19.076820373535156,
        -19.380022048950195,
        -19.50322151184082,
        -19.718751907348633,
        -19.891971588134766,
        -20.047212600708008,
        -20.223554611206055,
        -20.41111946105957,
        -20.685504913330078,
        -20.878910064697266,
        -21.06520652770996,
        -21.399070739746094,
        -21.87701416015625,
        -22.20732307434082,
        -22.514047622680664,
        -22.74909019470215,
        -22.961578369140625,
        -23.235702514648438,
        -23.403060913085938,
        -23.583154678344727,
        -23.802490234375,
        -23.991806030273438,
        -24.141328811645508,
        -24.280731201171875,
        -24.4401912689209,
        -24.62714195251465,
        -24.87004852294922,
        -25.183753967285156,
        -25.513277053833008,
        -25.852996826171875,
        -26.041791915893555,
        -26.35968780517578,
        -26.751859664916992,
        -26.945058822631836,
        -27.202741622924805,
        -27.428686141967773,
        -27.59111785888672,
        -27.86116600036621,
        -28.03852653503418,
        -28.3603572845459,
        -28.846031188964844,
        -29.343177795410156,
        -29.963411331176758,
        -31.569366455078125,
        -33.04084014892578
      ],
      "lambda_max": -0.9848284721374512,
      "lambda_sum": -2070.50244140625,
      "kaplan_yorke_dim": null,
      "error": null
    },
    "v52wsn1i": {
      "error": "ValueError: attempt to get argmin of an empty sequence"
    }
  },