{
  "schema_version": 3,
  "group": "wmtask_latent_additive_mse_p30_permidentity_replication",
  "analyzed_at": "2026-04-27T14:31:27Z",
  "metrics_summary": {
    "per_run": [
      {
        "run_id": "bu0gglgx",
        "run_idx": 0,
        "state": "finished",
        "lc_weight": 1e-05,
        "obs_noise_scale": 0.05,
        "best_traj_loss": 0.00961343850940466,
        "best_traj_loss_epoch": 8.0,
        "best_mase": 0.907263994216919,
        "best_mase_epoch": 8.0,
        "lc_loss_at_best_tl": 3.951794147491455,
        "r2_at_best_tl": 0.9890173077583313,
        "n_epochs": 9,
        "swept_config": {}
      }
    ],
    "unmatched_runs": [],
    "duplicate_matches": [],
    "expected_run_count": 1,
    "matched_run_count": 1,
    "best_by_obs_noise_scale": {
      "0.05": {
        "run_id": "bu0gglgx",
        "run_idx": 0,
        "state": "finished",
        "lc_weight": 1e-05,
        "obs_noise_scale": 0.05,
        "best_traj_loss": 0.00961343850940466,
        "best_traj_loss_epoch": 8.0,
        "best_mase": 0.907263994216919,
        "best_mase_epoch": 8.0,
        "lc_loss_at_best_tl": 3.951794147491455,
        "r2_at_best_tl": 0.9890173077583313,
        "n_epochs": 9,
        "swept_config": {}
      }
    },
    "overall_chosen_run": {
      "run_id": "bu0gglgx",
      "run_idx": 0,
      "state": "finished",
      "lc_weight": 1e-05,
      "obs_noise_scale": 0.05,
      "best_traj_loss": 0.00961343850940466,
      "best_traj_loss_epoch": 8.0,
      "best_mase": 0.907263994216919,
      "best_mase_epoch": 8.0,
      "lc_loss_at_best_tl": 3.951794147491455,
      "r2_at_best_tl": 0.9890173077583313,
      "n_epochs": 9,
      "swept_config": {}
    },
    "overall_best_mase": {
      "run_id": "bu0gglgx",
      "run_idx": 0,
      "state": "finished",
      "lc_weight": 1e-05,
      "obs_noise_scale": 0.05,
      "best_traj_loss": 0.00961343850940466,
      "best_traj_loss_epoch": 8.0,
      "best_mase": 0.907263994216919,
      "best_mase_epoch": 8.0,
      "lc_loss_at_best_tl": 3.951794147491455,
      "r2_at_best_tl": 0.9890173077583313,
      "n_epochs": 9,
      "swept_config": {}
    },
    "swept_paths": [],
    "n_runs": 1
  },
  "per_run_lyapunov": {
    "bu0gglgx": {
      "lambda_spectrum": [
        -0.766691267490387,
        -1.4003710746765137,
        -1.7186497449874878,
        -2.1795051097869873,
        -2.8755075931549072,
        -3.445556879043579,
        -3.9481618404388428,
        -4.845327854156494,
        -5.220414638519287,
        -5.628870010375977,
        -6.292543411254883,
        -6.803129196166992,
        -7.250594615936279,
        -7.879926681518555,
        -8.168783187866211,
        -8.381730079650879,
        -8.563921928405762,
        -9.03270149230957,
        -9.240941047668457,
        -9.455394744873047,
        -9.58790111541748,
        -9.802781105041504,
        -9.908623695373535,
        -10.050609588623047,
        -10.255414009094238,
        -10.596895217895508,
        -10.79276180267334,
        -10.9893159866333,
        -11.14372730255127,
        -11.255345344543457,
        -11.483397483825684,
        -11.648235321044922,
        -11.826401710510254,
        -12.186619758605957,
        -12.604785919189453,
        -12.775660514831543,
        -12.996342658996582,
        -13.1187162399292,
        -13.257855415344238,
        -13.370097160339355,
        -13.530498504638672,
        -13.698566436767578,
        -13.88189697265625,
        -14.096832275390625,
        -14.230086326599121,
        -14.353486061096191,
        -14.535061836242676,
        -14.607733726501465,
        -14.670814514160156,
        -14.759161949157715,
        -14.871935844421387,
        -15.095760345458984,
        -15.260499000549316,
        -15.403427124023438,
        -15.504006385803223,
        -15.662405967712402,
        -15.8822603225708,
        -16.053730010986328,
        -16.147592544555664,
        -16.261566162109375,
        -16.348939895629883,
        -16.412202835083008,
        -16.46848487854004,
        -16.5407657623291,
        -16.61595344543457,
        -16.69401741027832,
        -16.777803421020508,
        -16.832664489746094,
        -16.899866104125977,
        -16.991775512695312,
        -17.0748233795166,
        -17.144990921020508,
        -17.286483764648438,
        -17.44641876220703,
        -17.59993553161621,
        -17.73492431640625,
        -17.88541603088379,
        -17.975671768188477,
        -18.106245040893555,
        -18.334447860717773,
        -18.500534057617188,
        -18.88017463684082,
        -19.13175392150879,
        -19.31950569152832,
        -19.516658782958984,
        -19.7358455657959,
        -19.89517593383789,
        -20.224916458129883,
        -20.404741287231445,
        -20.587665557861328,
        -20.771709442138672,
        -20.89983367919922,
        -21.006542205810547,
        -21.174406051635742,
        -21.409339904785156,
        -21.695480346679688,
        -21.99456787109375,
        -22.239118576049805,
        -22.45660400390625,
        -22.67295265197754,
        -22.958961486816406,
        -23.31114959716797,
        -23.556379318237305,
        -23.782217025756836,
        -23.948041915893555,
        -24.26576042175293,
        -24.47922706604004,
        -24.649198532104492,
        -24.891695022583008,
        -25.174863815307617,
        -25.352556228637695,
        -25.495147705078125,
        -25.6053466796875,
        -25.848134994506836,
        -26.0588321685791,
        -26.250986099243164,
        -26.40727996826172,
        -26.577226638793945,
        -26.804000854492188,
        -27.17518424987793,
        -27.81395721435547,
        -28.26213836669922,
        -28.599380493164062,
        -29.194679260253906,
        -29.590314865112305,
        -30.5484619140625,
        -30.985136032104492,
        -31.612884521484375
      ],
      "lambda_max": -0.766691267490387,
      "lambda_sum": -2136.14599609375,
      "kaplan_yorke_dim": null,
      "error": null
    },
    "ofvm11g7": {
      "error": "ValueError: attempt to get argmin of an empty sequence"
    }
  },