{
  "wmtask_direct_sum_additive_splitmode_p30_full128__lc_x_obsnoisescale_sweep": {
    "run_id": "sqyybgkz",
    "stats": {
      "1.trajectory_step": {
        "n_calls": 8,
        "mean_ms": 170.63269585196394,
        "median_ms": 167.83668147400022,
        "p95_ms": 179.80462140403688,
        "max_ms": 180.6756720179692
      },
      "2.encode": {
        "n_calls": 8,
        "mean_ms": 1.9993648602394387,
        "median_ms": 1.9907730165868998,
        "p95_ms": 2.0948061428498477,
        "max_ms": 2.1111969836056232
      },
      "3.loop_closure": {
        "n_calls": 8,
        "mean_ms": 26.778435771120712,
        "median_ms": 26.700282003730536,
        "p95_ms": 27.354300778824836,
        "max_ms": 27.590731042437255
      },
      "4.recon_loss": {
        "n_calls": 8,
        "mean_ms": 2.0165048772469163,
        "median_ms": 2.0112054771743715,
        "p95_ms": 2.0722817280329764,
        "max_ms": 2.073070965707302
      },
      "5.one_step_traj": {
        "n_calls": 8,
        "mean_ms": 172.58521637995727,
        "median_ms": 170.4930099658668,
        "p95_ms": 181.286485894816,
        "max_ms": 181.65932409465313
      },
      "6.eigvals": {
        "n_calls": 8,
        "mean_ms": 80.19401287310757,
        "median_ms": 76.61875704070553,
        "p95_ms": 95.17007706454022,
        "max_ms": 100.67018494009972
      },
      "7.log_metrics": {
        "n_calls": 8,
        "mean_ms": 9.511492375168018,
        "median_ms": 6.824829964898527,
        "p95_ms": 18.591268220916387,
        "max_ms": 20.903904107399285
      },
      "8.totals": {
        "n_calls": 8,
        "mean_ms": 0.13268549810163677,
        "median_ms": 0.12174254516139627,
        "p95_ms": 0.18194206641055644,
        "max_ms": 0.18709199503064156
      },
      "TOTAL": {
        "n_calls": 8,
        "mean_ms": 463.8504084869055,
        "median_ms": 459.2496689874679,
        "p95_ms": 490.735801536357,
        "max_ms": 502.1678669145331
      }
    },
    "total_mean_ms": 463.8504084869055
  },
  "wmtask_latent_additive_mse_p30_permidentity_replication": {
    "run_id": "bu0gglgx",
    "stats": {
      "1.trajectory_step": {
        "n_calls": 8,
        "mean_ms": 161.86324911541305,
        "median_ms": 160.42758797993883,
        "p95_ms": 167.32702197041363,
        "max_ms": 169.57915294915438
      },
      "2.encode": {
        "n_calls": 8,
        "mean_ms": 0.9645619866205379,
        "median_ms": 0.9558944730088115,
        "p95_ms": 1.0331457771826535,
        "max_ms": 1.068613026291132
      },
      "3.loop_closure": {
        "n_calls": 8,
        "mean_ms": 26.42922538507264,
        "median_ms": 26.259136444423348,
        "p95_ms": 26.911412103800103,
        "max_ms": 26.98740200139582
      },
      "4.recon_loss": {
        "n_calls": 8,
        "mean_ms": 0.9957139991456643,
        "median_ms": 0.9739670203998685,
        "p95_ms": 1.1037392250727862,
        "max_ms": 1.1063320562243462
      },
      "5.one_step_traj": {
        "n_calls": 8,
        "mean_ms": 162.46851335745305,
        "median_ms": 161.33484995225444,
        "p95_ms": 165.71850893087685,
        "max_ms": 166.39290400780737
      },
      "6.eigvals": {
        "n_calls": 8,
        "mean_ms": 6905.944780373829,
        "median_ms": 6904.444993007928,
        "p95_ms": 6969.840541930171,
        "max_ms": 6993.109069066122
      },
      "7.log_metrics": {
        "n_calls": 8,
        "mean_ms": 6.431687026633881,
        "median_ms": 5.9408125234767795,
        "p95_ms": 8.916604029946026,
        "max_ms": 10.362620931118727
      },
      "8.totals": {
        "n_calls": 8,
        "mean_ms": 0.10339122673030943,
        "median_ms": 0.10277348337695003,
        "p95_ms": 0.12124743661843239,
        "max_ms": 0.1290920190513134
      },
      "TOTAL": {
        "n_calls": 8,
        "mean_ms": 7265.201122470899,
        "median_ms": 7259.260964463465,
        "p95_ms": 7340.969979704823,
        "max_ms": 7368.727777968161
      }
    },
    "total_mean_ms": 7265.201122470899
  }
}