{
  "wmtask_direct_sum_additive_splitmode_p30_full128__lc_x_obsnoisescale_sweep": {
    "run_id": "sqyybgkz",
    "stats": {
      "1.trajectory_step": {
        "n_calls": 8,
        "mean_ms": 167.95919233118184,
        "median_ms": 164.4887694856152,
        "p95_ms": 177.23337468924,
        "max_ms": 179.5256360201165
      },
      "2.encode": {
        "n_calls": 8,
        "mean_ms": 1.9175069028278813,
        "median_ms": 1.9063505460508168,
        "p95_ms": 1.9597495207563043,
        "max_ms": 1.96366710588336
      },
      "3.loop_closure": {
        "n_calls": 8,
        "mean_ms": 26.361288109910674,
        "median_ms": 26.363019947893918,
        "p95_ms": 26.608233514707536,
        "max_ms": 26.718234992586076
      },
      "4.recon_loss": {
        "n_calls": 8,
        "mean_ms": 1.933552252012305,
        "median_ms": 1.9365660264156759,
        "p95_ms": 1.949447370134294,
        "max_ms": 1.9494610605761409
      },
      "5.one_step_traj": {
        "n_calls": 8,
        "mean_ms": 166.598985742894,
        "median_ms": 166.109396959655,
        "p95_ms": 169.53435942414217,
        "max_ms": 170.91625498142093
      },
      "6.eigvals": {
        "n_calls": 8,
        "mean_ms": 81.50573101011105,
        "median_ms": 79.66447353828698,
        "p95_ms": 92.1091116266325,
        "max_ms": 94.9494190281257
      },
      "7.log_metrics": {
        "n_calls": 8,
        "mean_ms": 9.62035586417187,
        "median_ms": 6.7215985036455095,
        "p95_ms": 18.532840692205355,
        "max_ms": 18.912113970145583
      },
      "8.totals": {
        "n_calls": 8,
        "mean_ms": 0.12434540258254856,
        "median_ms": 0.10893750004470348,
        "p95_ms": 0.1852506364230066,
        "max_ms": 0.20807900000363588
      },
      "TOTAL": {
        "n_calls": 8,
        "mean_ms": 456.02095761569217,
        "median_ms": 455.60685248347,
        "p95_ms": 475.05675820284523,
        "max_ms": 482.8398230019957
      }
    },
    "total_mean_ms": 456.02095761569217
  },
  "wmtask_latent_additive_mse_p30_permidentity_replication": {
    "run_id": "bu0gglgx",
    "stats": {
      "1.trajectory_step": {
        "n_calls": 8,
        "mean_ms": 161.94445949804503,
        "median_ms": 160.81988596124575,
        "p95_ms": 166.7344611894805,
        "max_ms": 168.2360479608178
      },
      "2.encode": {
        "n_calls": 8,
        "mean_ms": 0.9678515052655712,
        "median_ms": 0.9619430056773126,
        "p95_ms": 1.0097252612467855,
        "max_ms": 1.0271839564666152
      },
      "3.loop_closure": {
        "n_calls": 8,
        "mean_ms": 26.480542379431427,
        "median_ms": 26.46185999037698,
        "p95_ms": 26.722983276704326,
        "max_ms": 26.82335104327649
      },
      "4.recon_loss": {
        "n_calls": 8,
        "mean_ms": 1.0356379789300263,
        "median_ms": 1.0310399811714888,
        "p95_ms": 1.0843462077900767,
        "max_ms": 1.0936940088868141
      },
      "5.one_step_traj": {
        "n_calls": 8,
        "mean_ms": 163.14858139958233,
        "median_ms": 162.59954049019143,
        "p95_ms": 167.09978251019493,
        "max_ms": 169.04162801802158
      },
      "6.eigvals": {
        "n_calls": 8,
        "mean_ms": 7019.184015851351,
        "median_ms": 7017.132150474936,
        "p95_ms": 7068.344303633785,
        "max_ms": 7086.765335989185
      },
      "7.log_metrics": {
        "n_calls": 8,
        "mean_ms": 6.387720874045044,
        "median_ms": 5.994984006974846,
        "p95_ms": 8.523390418849884,
        "max_ms": 9.853431023657322
      },
      "8.totals": {
        "n_calls": 8,
        "mean_ms": 0.10250575724057853,
        "median_ms": 0.0982200144790113,
        "p95_ms": 0.12479205615818499,
        "max_ms": 0.1354169799014926
      },
      "TOTAL": {
        "n_calls": 8,
        "mean_ms": 7379.251315243891,
        "median_ms": 7376.088257995434,
        "p95_ms": 7438.570761540905,
        "max_ms": 7462.976088980213
      }
    },
    "total_mean_ms": 7379.251315243891
  }
}